,City,Temperature(F),Humidity(%),Cloudiness(%),Wind Speed(mph),Latitude,Longitude,Date
0,vaini,82.56,83,75,11.5,-21.2,-175.2,1638502952
1,skjervoy,27.88,65,67,15.43,70.0311,20.9714,1638503134
2,cloquet,29.48,84,40,0,46.7216,-92.4594,1638503134
3,busselton,76.05,28,0,7.78,-33.65,115.3333,1638503134
4,valparaiso,56.84,88,20,4.61,-33.0393,-71.6273,1638502935
5,poum,81.79,73,100,18.54,-20.2333,164.0167,1638503135
6,okhotsk,2.79,79,98,16.17,59.3833,143.3,1638503135
7,tuktoyaktuk,-16.6,69,90,16.11,69.4541,-133.0374,1638503135
8,faanui,81.16,73,49,20.24,-16.4833,-151.75,1638503135
9,bandarbeyla,76.59,64,1,15.28,9.4942,50.8122,1638503136
10,carnarvon,78.87,57,0,20.71,-24.8667,113.6333,1638503116
11,grants,34.03,40,1,0,35.1473,-107.8514,1638503136
12,yellowknife,3.94,89,90,5.75,62.456,-114.3525,1638502844
13,port hedland,104.05,27,8,14.97,-20.3167,118.5667,1638503137
14,dikson,-22,94,39,13.33,73.5069,80.5464,1638503137
15,punta arenas,46.51,66,75,16.11,-53.15,-70.9167,1638502874
16,ribeira grande,64.67,75,14,14.67,38.5167,-28.7,1638503137
17,thompson,-20.04,76,40,0,55.7435,-97.8558,1638503137
18,kavaratti,81.03,78,65,5.39,10.5669,72.642,1638503138
19,ponta do sol,64.26,66,27,8.19,32.6667,-17.1,1638502962
20,mahibadhoo,82.63,74,37,6.04,3.7833,72.9667,1638503138
21,samusu,,,,,,,
22,taolanaro,,,,,,,
23,lebu,53.15,82,100,17.47,-37.6167,-73.65,1638503139
24,raudeberg,28.65,71,100,5.99,61.9875,5.1352,1638503139
25,san jose,55.9,78,75,1.01,37.3394,-121.895,1638503047
26,attawapiskat,,,,,,,
27,rikitea,76.35,76,6,18.5,-23.1203,-134.9692,1638503140
28,nanortalik,20.55,78,30,18.84,60.1432,-45.2371,1638503140
29,atuona,78.89,75,96,20.85,-9.8,-139.0333,1638503140
30,ushuaia,46.06,66,40,16.11,-54.8,-68.3,1638502982
31,saint-philippe,78.12,86,50,12.46,-21.3585,55.7679,1638503140
32,todos santos,73.27,80,100,7.72,23.45,-110.2167,1638503141
33,ambon,87.94,74,40,9.22,-3.6954,128.1814,1638503141
34,hilo,72.77,92,90,0,19.7297,-155.09,1638502858
35,san carlos de bariloche,44.56,65,48,4.12,-41.1456,-71.3082,1638503081
36,nemuro,45.03,79,20,32.44,43.3236,145.575,1638503141
37,laguna,53.85,89,20,0,38.421,-121.4238,1638503142
38,belushya guba,,,,,,,
39,kantang,84.29,79,40,6.91,7.4054,99.5156,1638503142
40,san cristobal,68.18,90,95,1.66,7.7669,-72.225,1638503142
41,mahebourg,80.89,78,40,11.5,-20.4081,57.7,1638503143
42,kapaa,71.46,83,90,6.91,22.0752,-159.319,1638503143
43,saldanha,53.65,71,100,10.96,-33.0117,17.9442,1638503144
44,cape town,58.69,67,20,4,-33.9258,18.4232,1638503144
45,nhulunbuy,92.01,55,59,11.5,-12.2333,136.7667,1638503144
46,luwuk,88.9,62,100,2.19,-0.9516,122.7875,1638503145
47,myre,30.15,58,100,12.84,69.1036,15.9492,1638503145
48,maningrida,93.4,52,52,13.22,-12.0667,134.2667,1638503145
49,husavik,35.51,82,100,11.18,66.0449,-17.3389,1638503145
50,warqla,,,,,,,
51,nome,-0.33,71,90,13.8,64.5011,-165.4064,1638503146
52,avarua,78.85,78,75,13.8,-21.2078,-159.775,1638502882
53,airai,79.57,44,97,1.72,-8.9266,125.4092,1638503146
54,hobart,67.78,47,20,1.99,-42.8794,147.3294,1638503146
55,makakilo city,78.6,67,1,9.22,21.3469,-158.0858,1638503147
56,pangkalanbuun,93.72,46,79,3.83,-2.6833,111.6167,1638503147
57,puerto ayora,69.06,81,89,7.54,-0.7393,-90.3518,1638503147
58,port alfred,63.28,71,81,17.52,-33.5906,26.891,1638503148
59,kodiak,20.71,58,1,13.8,57.79,-152.4072,1638503148
60,cabo san lucas,77.49,74,96,7.49,22.8909,-109.9124,1638503019
61,manbij,38.17,58,0,1.66,36.5281,37.9549,1638503148
62,ahuimanu,78.33,71,75,9.22,21.4447,-157.8378,1638503149
63,longyearbyen,28.24,64,40,17.27,78.2186,15.6401,1638502912
64,karratha,100.78,22,7,13.82,-20.7377,116.8463,1638503149
65,mataura,67.55,74,93,0.56,-46.1927,168.8643,1638503149
66,sentyabrskiy,,,,,,,
67,tocopilla,63.55,62,19,1.28,-22.092,-70.1979,1638503150
68,mingshui,49.06,32,0,2.26,36.7167,117.5,1638503150
69,zhezkazgan,29.53,86,99,11.16,47.8043,67.7144,1638503150
70,maarianhamina,24.66,80,0,6.91,60.0973,19.9348,1638503150
71,nikolskoye,8.49,92,97,5.79,59.7035,30.7861,1638503151
72,atherton,37.44,93,100,5.01,53.5237,-2.4935,1638503151
73,mirnyy,-16.08,91,97,4.94,62.5353,113.9611,1638503151
74,ancud,49.53,83,1,4.79,-41.8697,-73.8203,1638503152
75,barentsburg,,,,,,,
76,zelenogorskiy,25.32,81,72,5.59,55.0333,87,1638503152
77,codrington,61.83,53,52,14.27,-38.2667,141.9667,1638503152
78,zhigansk,-41.3,99,35,5.3,66.7697,123.3711,1638503153
79,cidreira,66.29,74,46,13.02,-30.1811,-50.2056,1638503153
80,pangai,80.71,74,40,17.27,-19.8,-174.35,1638503153
81,acari,69.85,79,72,3.42,-15.4311,-74.6158,1638503154
82,qaanaaq,15.01,83,100,5.75,77.484,-69.3632,1638503154
83,henzada,,,,,,,
84,jizan,76.14,72,0,0.96,17.3333,42.6667,1638503154
85,hoquiam,42.73,80,90,11.5,46.9809,-123.8893,1638503155
86,leningradskiy,5.85,92,100,17.27,69.3833,178.4167,1638502960
87,juneau,31.23,92,75,9.22,58.3019,-134.4197,1638503030
88,albany,40.82,80,77,8.01,42.6001,-73.9662,1638503094
89,olafsvik,34.65,72,100,12.62,64.8945,-23.7142,1638503155
90,dongargaon,71.2,44,41,10.04,20.9667,80.85,1638503155
91,alta floresta,76.82,100,40,2.3,-9.8756,-56.0861,1638503156
92,upernavik,21.31,85,100,21.36,72.7868,-56.1549,1638503156
93,chokurdakh,-22.09,97,100,11.39,70.6333,147.9167,1638503156
94,butaritari,82.06,72,14,11.5,3.0707,172.7902,1638503157
95,porangatu,72.59,95,100,1.32,-13.4408,-49.1486,1638503157
96,jamestown,37.65,74,75,7,42.097,-79.2353,1638503157
97,acarau,79.77,80,96,11.12,-2.8856,-40.12,1638503158
98,shahr-e babak,43.86,71,0,9.22,30.1165,55.1186,1638503158
99,cherskiy,-2.31,98,100,4.72,68.75,161.3,1638502959
100,talcahuano,53.28,76,75,8.05,-36.7167,-73.1167,1638503158
101,sao bernardo,76.55,92,80,3.83,-3.3614,-42.4178,1638503159
102,caravelas,73.96,93,38,7.83,-17.7125,-39.2481,1638502891
103,margate,36.52,70,100,1.99,51.3813,1.3862,1638503159
104,saskylakh,-43.96,100,58,5.35,71.9167,114.0833,1638503159
105,kutum,57.24,41,0,5.99,14.2,24.6667,1638503106
106,torbay,41.63,84,90,18.41,47.6666,-52.7314,1638503160
107,hermanus,56.8,85,55,10.45,-34.4187,19.2345,1638503160
108,sobolevo,30.47,90,98,12.75,54.4299,31.8996,1638503161
109,aberystwyth,41.31,97,100,11.7,52.4155,-4.0829,1638503161
110,grand river south east,,,,,,,
111,mar del plata,62.87,84,0,20,-38.0023,-57.5575,1638502945
112,east london,63.54,63,0,6.91,-33.0153,27.9116,1638503161
113,tiksi,-30.08,100,81,2.1,71.6872,128.8694,1638503162
114,bilma,64.22,25,0,8.34,18.6853,12.9164,1638503162
115,iqaluit,20.93,58,75,4.61,63.7506,-68.5145,1638503162
116,komsomolskiy,41.68,45,99,6.91,40.4272,71.7189,1638503163
117,dingle,81.99,76,80,14.03,10.9995,122.6711,1638502963
118,sanguem,78.28,76,2,1.36,15.2333,74.1667,1638503163
119,andenes,30.18,64,100,16.11,69.3143,16.1194,1638503164
120,saint-joseph,77.18,80,25,13.09,-21.3667,55.6167,1638503164
121,guerrero negro,62.44,84,5,11.21,27.9769,-114.0611,1638502970
122,daloa,71.19,99,54,2.73,6.8774,-6.4502,1638503164
123,tasiilaq,13.01,52,93,8.28,65.6145,-37.6368,1638503032
124,tukrah,61.56,56,100,27.81,32.5341,20.5791,1638503165
125,bomet,53.85,95,47,3.13,-0.7813,35.3416,1638503165
126,new norfolk,67.89,31,11,4,-42.7826,147.0587,1638503166
127,manavalakurichi,86.09,73,100,3.44,8.1333,77.3,1638503166
128,lasa,29.41,93,86,6.67,46.6166,10.7002,1638503166
129,caconda,58.46,94,93,1.48,-13.7333,15.0667,1638503166
130,rio grande,63.55,76,2,11.36,-32.035,-52.0986,1638503167
131,aykhal,-26.59,95,100,8.55,66,111.5,1638503167
132,yerbogachen,4.95,95,100,9.82,61.2767,108.0108,1638503167
133,padang,85.84,58,99,5.84,-0.9492,100.3543,1638503168
134,mchinji,68.2,67,51,3.76,-13.7984,32.8802,1638503168
135,salalah,73.49,56,0,3.44,17.0151,54.0924,1638503168
136,atar,66.96,25,100,12.88,20.5169,-13.0499,1638503169
137,port macquarie,79.9,62,0,8.93,-31.4333,152.9167,1638503169
138,shatura,34.81,94,97,10.56,55.5725,39.5368,1638503169
139,bluff,60.06,83,62,6.35,-46.6,168.3333,1638503169
140,peruibe,68.47,92,100,5.73,-24.32,-46.9983,1638503139
141,cairns,92.7,60,59,12.66,-16.9167,145.7667,1638503170
142,velingara,73.98,27,100,3.33,13.15,-14.1167,1638503170
143,santa vitoria do palmar,58.8,80,0,6.82,-33.5189,-53.3681,1638503170
144,tillabery,,,,,,,
145,rocha,53.73,94,0,5.44,-34.4833,-54.3333,1638502888
146,port shepstone,66.38,73,100,18.05,-30.7414,30.455,1638503171
147,kamenskoye,,,,,,,
148,qaqortoq,6.82,80,4,6.8,60.7167,-46.0333,1638503171
149,mitsamiouli,79.09,78,20,1.14,-11.3847,43.2844,1638503172
150,kidal,68.72,18,60,3.33,18.4411,1.4078,1638502889
151,hithadhoo,82.02,74,47,4.83,-0.6,73.0833,1638503172
152,cockburn town,80.15,77,3,8.75,21.4612,-71.1419,1638503172
153,jacareacanga,72.32,92,91,0.63,-6.2222,-57.7528,1638503173
154,arraial do cabo,72.32,73,99,5.32,-22.9661,-42.0278,1638503173
155,luzhou,61.57,60,40,1.41,28.8724,105.4405,1638503173
156,sitka,33.69,69,75,14.97,57.0531,-135.33,1638503173
157,narsaq,4.75,74,1,6.62,60.9167,-46.05,1638503174
158,udachnyy,-24.56,74,100,7.23,66.4167,112.4,1638503174
159,bengkulu,84.36,62,85,6.08,-3.8004,102.2655,1638503073
160,belmonte,75.7,91,97,3.06,-15.8631,-38.8828,1638503174
161,ambodifototra,,,,,,,
162,shingu,58.19,45,0,1.21,33.7333,135.9833,1638503175
163,amderma,,,,,,,
164,poya,83.26,66,96,2.48,-21.35,165.15,1638503175
165,adrar,63.3,26,100,11.97,20.5022,-10.0711,1638503175
166,san patricio,68.58,94,3,7.78,28.017,-97.5169,1638503176
167,marrakesh,48.27,93,75,6.91,31.6315,-8.0083,1638503176
168,pacific grove,52.92,91,90,1.99,36.6177,-121.9166,1638503115
169,ahipara,69.04,78,100,2.51,-35.1667,173.1667,1638503176
170,sambava,78.17,65,0,8.97,-14.2667,50.1667,1638503177
171,grindavik,32.47,86,40,11.5,63.8424,-22.4338,1638503177
172,changji,21.99,63,4,2.24,44.0167,87.3167,1638503177
173,cascais,49.57,82,0,15.01,38.6979,-9.4215,1638503178
174,lamar,57.54,72,1,8.05,33.6668,-95.5836,1638503178
175,sroda wielkopolska,30.27,87,42,10.83,52.2284,17.2762,1638503012
176,jati,72.43,54,0,5.3,24.3539,68.2671,1638503178
177,bredasdorp,54.72,88,72,4.61,-34.5322,20.0403,1638502955
178,bonavista,37.4,88,100,18.07,48.6499,-53.1147,1638503178
179,chernyshevskiy,-14.84,90,100,4.23,63.0128,112.4714,1638503179
180,port keats,93.38,54,100,10.2,-14.25,129.55,1638503179
181,darab,54.19,69,0,5.1,28.7519,54.5444,1638503180
182,sabang,80.87,75,100,7.61,5.8933,95.3214,1638503180
183,illoqqortoormiut,,,,,,,
184,kipini,77.29,76,9,5.97,-2.5257,40.5262,1638503180
185,sept-iles,37.92,93,90,14.97,50.2001,-66.3821,1638503181
186,vanimo,86.34,64,100,5.73,-2.6741,141.3028,1638502883
187,nizhneyansk,,,,,,,
188,nguiu,,,,,,,
189,sidi ali,49.78,60,25,16.55,36.0998,0.4206,1638503181
190,ixtapa,74.43,94,1,0,20.7,-105.2,1638502938
191,tumannyy,,,,,,,
192,prieska,60.84,59,28,5.28,-29.6641,22.7474,1638503181
193,lavrentiya,7.48,96,100,13.85,65.5833,-171,1638503178
194,barrow,-16.58,69,20,11.5,71.2906,-156.7887,1638502886
195,port hardy,33.98,100,40,3.44,50.6996,-127.4199,1638503182
196,port lincoln,64,56,99,9.17,-34.7333,135.8667,1638503182
197,novyy urgal,-3.86,88,86,0.63,51.0736,132.5642,1638503182
198,harlingen,69.85,97,12,7.47,26.1906,-97.6961,1638503183
199,ranong,82.33,77,95,8.79,9.9658,98.6348,1638503183
200,ilulissat,19.76,77,100,12.35,69.2167,-51.1,1638503183
201,san quintin,59.04,90,0,7.09,30.4833,-115.95,1638503184
202,lanxi,55.31,39,15,4.23,29.2195,119.477,1638503184
203,thunder bay,17.53,82,40,5.75,48.4001,-89.3168,1638502930
204,carutapera,76.73,91,8,4.18,-1.195,-46.02,1638503185
205,bethel,46.44,72,90,3,41.3712,-73.414,1638503185
206,innisfail,99.88,58,89,10.29,-17.5333,146.0333,1638503185
207,severo-kurilsk,37.87,77,30,21.41,50.6789,156.125,1638503186
208,coquimbo,58.73,82,90,3.44,-29.9533,-71.3436,1638503181
209,camocim,78.75,84,93,8.46,-2.9022,-40.8411,1638503186
210,khatanga,-28.71,96,88,8.16,71.9667,102.5,1638503187
211,bubaque,81.54,59,99,7.63,11.2833,-15.8333,1638503187
212,viedma,56.26,68,100,7.9,-40.8135,-62.9967,1638503187
213,vila velha,73.94,93,90,5.75,-20.3297,-40.2925,1638503059
214,port elizabeth,59.29,88,20,8.05,-33.918,25.5701,1638503188
215,kaitangata,61.39,90,91,3,-46.2817,169.8464,1638502956
216,kavieng,83.57,73,83,7.38,-2.5744,150.7967,1638503188
217,lorengau,84.18,73,98,5.66,-2.0226,147.2712,1638503188
218,taitung,68.27,60,75,5.75,22.7583,121.1444,1638503189
219,mount isa,100.17,14,93,12.66,-20.7333,139.5,1638503189
220,namibe,71.17,80,0,3.67,-15.1961,12.1522,1638503189
221,urucui,75.72,91,100,4.94,-7.2294,-44.5561,1638503189
222,vao,76.78,76,96,14.54,-22.6667,167.4833,1638503190
223,genhe,9.55,48,4,8.14,50.7833,121.5167,1638503190
224,klaksvik,40.12,71,100,18.39,62.2266,-6.589,1638503190
225,zhengjiatun,22.42,66,4,10.31,43.5064,123.5064,1638503190
226,huarmey,66.76,84,100,7.81,-10.0681,-78.1522,1638503191
227,portland,44.91,81,75,1.99,45.5234,-122.6762,1638503176
228,yueyang,61.11,24,82,3.87,29.3333,113.0919,1638503191
229,san borja,73.29,93,100,0.29,-14.8167,-66.85,1638503191
230,alofi,80.49,78,75,14.97,-19.0595,-169.9187,1638503192
231,castro,58.55,97,99,8.01,-24.7911,-50.0119,1638503192
232,fairbanks,-18.04,74,1,0,64.8378,-147.7164,1638503192
233,hamilton,48.29,69,1,1.99,39.1834,-84.5333,1638503193
234,kang,70.23,64,100,12.03,-23.6752,22.7876,1638503193
235,rawson,54.27,59,0,10.42,-43.3002,-65.1023,1638503193
236,ghanzi,70.47,63,95,9.15,-21.5667,21.7833,1638503194
237,moshi,68.38,80,96,1.97,-3.35,37.3333,1638503194
238,langfang,46.08,29,0,9.75,39.5097,116.6947,1638503194
239,chumikan,-2.4,86,6,13.96,54.7183,135.315,1638503195
240,lufilufi,77.79,71,100,8.95,-13.8745,-171.5986,1638503195
241,sapa,84.96,71,91,10.69,5.1544,120.3241,1638503195
242,kununurra,103.98,27,100,8.05,-15.7667,128.7333,1638503195
243,sigayevo,22.84,87,100,12.66,56.4216,53.7757,1638503196
244,ilhabela,70.03,87,93,4.85,-23.7781,-45.3581,1638503196
245,sao filipe,74.07,70,90,10.49,14.8961,-24.4956,1638503196
246,necochea,62.04,65,50,11.12,-38.5473,-58.7368,1638503197
247,tuatapere,67.39,73,65,3.85,-46.1333,167.6833,1638503197
248,yulara,102.04,8,0,14.97,-25.2406,130.9889,1638503197
249,kamaishi,45.55,88,95,15.08,39.2667,141.8833,1638503198
250,vaitupu,,,,,,,
251,xuanhua,39.16,29,0,9.73,40.6103,115.0447,1638503198
252,lazaro cardenas,76.96,87,3,2.82,17.9583,-102.2,1638503199
253,cayenne,76.08,88,90,1.01,4.9333,-52.3333,1638503199
254,kapuskasing,-2.2,78,1,8.05,49.4169,-82.4331,1638503161
255,fare,81.37,73,57,22.17,-16.7,-151.0167,1638503199
256,vila franca do campo,58.19,83,16,2.19,37.7167,-25.4333,1638503200
257,chuy,58.12,81,0,6.71,-33.6971,-53.4616,1638503200
258,shimoda,58.1,63,3,17.65,34.6667,138.95,1638503200
259,la ronge,16.05,92,90,0,55.1001,-105.2842,1638503131
260,hasaki,58.01,66,97,7.47,35.7333,140.8333,1638503201
261,juifang,,,,,,,
262,manzhouli,15.12,79,8,9.73,49.6,117.4333,1638503201
263,egvekinot,18.36,97,100,18.57,66.3167,-179.1667,1638503169
264,nikolayevsk-na-amure,7.43,76,39,5.79,53.1406,140.73,1638503201
265,aporawan,,,,,,,
266,sainte-marie,79.63,79,0,20.71,-20.8968,55.5496,1638503202
267,kathu,84.02,74,93,11.25,7.9178,98.3332,1638503202
268,malmyzh,23.77,90,99,12.26,56.5205,50.6818,1638503203
269,atasu,33.1,99,100,7.65,48.6814,71.6433,1638503203
270,christchurch,67.69,76,40,5.99,-43.5333,172.6333,1638502980
271,pisco,64.45,88,0,10.36,-13.7,-76.2167,1638503096
272,baykit,26.53,85,100,8.28,61.67,96.37,1638503203
273,rjukan,20.21,97,100,2.04,59.8789,8.5941,1638503204
274,tessalit,67.44,18,64,3.31,20.1986,1.0114,1638503204
275,te anau,63.84,85,90,3.18,-45.4167,167.7167,1638503204
276,tazovskiy,3.52,95,100,14.65,67.4667,78.7,1638503205
277,esperance,67.84,59,73,15.7,-33.8667,121.9,1638503104
278,lata,46.76,86,0,3.09,40.1629,-8.3327,1638503205
279,listvyanskiy,32.2,71,99,17.52,54.4399,83.4984,1638503205
280,artyom,37.54,60,6,12.08,40.4723,50.333,1638503206
281,cajnice,40.21,97,100,1.1,43.5575,19.0711,1638503206
282,lolua,,,,,,,
283,lardos,58.82,73,0,8.79,36.0942,28.0157,1638503206
284,mys shmidta,,,,,,,
285,ust-uda,23.83,78,68,3.78,54.1742,103.0304,1638503207
286,souillac,80.98,78,40,11.5,-20.5167,57.5167,1638503207
287,port blair,80.64,89,75,5.75,11.6667,92.75,1638503208
288,harper,78.73,83,60,3.27,4.375,-7.7169,1638503208
289,sur,74.93,50,0,6.89,22.5667,59.5289,1638503208
290,minsk,31.75,89,97,14.29,53.9,27.5667,1638502921
291,bartica,77.32,99,62,0.81,6.4,-58.6167,1638503209
292,cartagena del chaira,71.87,99,95,1.79,1.3349,-74.8429,1638503209
293,mrirt,,,,,,,
294,daru,86.49,66,89,7.27,-9.0763,143.2092,1638503209
295,bela,67.08,45,100,4.56,25.9333,81.9833,1638503210
296,georgetown,80.55,78,20,9.22,5.4112,100.3354,1638503034
297,inuvik,-23.84,76,20,4.61,68.3499,-133.7218,1638503190
298,guanare,84.22,61,86,1.14,9.0418,-69.7421,1638503210
299,mweka,67.15,100,100,0.85,-4.85,21.5667,1638503210
300,hami,28.81,50,0,2.91,42.8,93.45,1638503211
301,lompoc,52.84,92,90,4.61,34.6391,-120.4579,1638503211
302,mecca,71.19,69,46,1.86,21.4267,39.8261,1638502937
303,quatre cocos,82.09,76,22,12.71,-20.2078,57.7625,1638503211
304,sosnovka,23.99,85,99,10.09,56.255,51.2842,1638503212
305,ishigaki,68.13,52,40,13.8,24.3448,124.1572,1638503212
306,hofn,35.65,60,75,7.65,64.2539,-15.2082,1638503212
307,constitucion,55.38,78,100,11.5,-35.3333,-72.4167,1638503182
308,mount gambier,69.71,43,32,12.66,-37.8333,140.7667,1638503213
309,methoni,48.06,69,12,16.2,36.8197,21.7049,1638503213
310,palabuhanratu,,,,,,,
311,hauknes,10.92,83,70,7.67,66.2833,14.0667,1638503213
312,muhos,17.82,90,100,7.76,64.808,25.9931,1638503214
313,luohe,56.43,20,0,3.74,33.5717,114.0353,1638503214
314,moose factory,1.38,71,1,11.5,51.2585,-80.6094,1638503214
315,havelock,58.42,79,1,5.99,34.8791,-76.9013,1638503214
316,banjar,83.91,86,99,4.59,-8.19,114.9675,1638503215
317,rodez,29.93,93,0,10.36,44.5,2.5833,1638503215
318,pochutla,76.82,72,3,3.11,15.7432,-96.4661,1638503215
319,kamina,63.59,94,82,0.98,-8.7386,24.9906,1638503216
320,chapais,19.18,88,100,16.64,49.7834,-74.8492,1638503216
321,sirfa,,,,,,,
322,sterling,59.9,52,75,1.99,39.0062,-77.4286,1638502922
323,mogadishu,80.06,73,43,12.62,2.0371,45.3438,1638503216
324,ngukurr,,,,,,,
325,casteltermini,50.86,85,90,4.72,37.5405,13.6445,1638503217
326,matara,83.71,71,6,2.75,5.9485,80.5353,1638503217
327,grand-santi,71.8,99,98,1.77,4.25,-54.3833,1638503217
328,panaba,72,87,95,6.85,21.2833,-88.2667,1638503218
329,orlovskiy,37.62,74,82,10,46.8714,42.0592,1638503218
330,buluang,82.98,62,67,10.22,13.3068,123.3425,1638503218
331,faya,43.32,30,0,2.35,18.3851,42.4509,1638503218
332,saint george,51.15,38,1,1.01,37.1041,-113.5841,1638503219
333,norman wells,-12.96,64,75,18.41,65.282,-126.8329,1638503219
334,locri,60.85,76,8,11.16,38.2414,16.2623,1638503219
335,porbandar,62.58,77,0,4.61,21.6422,69.6093,1638503220
336,qasigiannguit,19.74,74,100,10.4,68.8193,-51.1922,1638503220
337,svetlaya,32.36,58,100,6.46,46.5389,138.3297,1638503220
338,mungaoli,62.74,52,100,6.46,24.4167,78.1,1638503220
339,palaikastron,58.75,79,62,9.57,35.2,26.25,1638503221
340,saint-pierre,78.3,79,75,17.27,-21.3393,55.4781,1638503221
341,comodoro rivadavia,48.06,43,0,2.3,-45.8667,-67.5,1638502994
342,shakawe,73.53,58,91,5.48,-18.3667,21.85,1638503221
343,benjamin aceval,73.54,65,0,4.32,-24.9667,-57.5667,1638503222
344,worland,36.12,75,1,9.22,44.0169,-107.9554,1638503222
345,provideniya,18.57,96,100,13.33,64.3833,-173.3,1638503222
346,tacuati,70.12,61,7,3.22,-23.45,-56.5833,1638503223
347,bati,58.39,48,2,0.51,11.1833,40.0167,1638503223
348,batemans bay,67.91,84,87,7.38,-35.7167,150.1833,1638503223
349,safwah,,,,,,,
350,angoche,79.47,77,3,6.08,-16.2325,39.9086,1638503224
351,marcona,,,,,,,
352,sorvag,,,,,,,
353,seymchan,-26.7,90,100,1.95,62.8833,152.4333,1638503224
354,coihaique,46.35,71,0,4.61,-45.5752,-72.0662,1638503042
355,yar-sale,1.02,96,100,14.88,66.8333,70.8333,1638503225
356,biankouma,69.94,82,47,1.79,7.7391,-7.6138,1638503225
357,kitgum,73.2,53,91,4.85,3.2783,32.8867,1638503225
358,san angelo,66.47,64,1,5.99,31.4638,-100.437,1638502975
359,ust-koksa,18.28,66,3,2.04,50.2696,85.6108,1638503226
360,golkoy,29.61,51,5,10.13,40.6875,37.6178,1638503226
361,dongsheng,32.58,25,0,10.4,39.8161,109.9776,1638503226
362,vanavara,26.19,87,100,12.37,60.34,102.2797,1638503227
363,kantunilkin,76.95,98,83,2.39,21.0917,-87.45,1638503227
364,porto novo,82.22,87,65,3.6,6.4965,2.6036,1638503227
365,tabuk,75.2,67,94,7.99,17.4189,121.4443,1638503228
366,muncar,85.82,71,96,2.17,-8.4333,114.3333,1638503228
367,semey,30.42,59,0,15.66,50.4111,80.2275,1638502983
368,sao miguel do tapuio,78.12,56,41,2.37,-5.5036,-41.3233,1638503228
369,catuday,79.63,59,51,8.03,16.2923,119.8062,1638503229
370,dauphin,19.54,86,90,5.75,51.1494,-100.0502,1638503229
371,requena,41.67,73,28,19.8,39.4883,-1.1004,1638503229
372,toamasina,73.4,83,20,6.91,-18.1667,49.3833,1638503230
373,luena,61.2,95,42,1.86,-11.7833,19.9167,1638503230
374,newry,47.14,88,100,12.57,54.1784,-6.3374,1638503230
375,gabu,70.48,82,98,2.95,12.2833,-14.2167,1638503231
376,la plata,67.91,80,23,10.42,-34.9215,-57.9545,1638503132
377,katsuura,60.48,61,61,17.34,35.1333,140.3,1638503231
378,zhangye,34.02,31,50,7.49,38.9342,100.4517,1638503231
379,nelson bay,78.84,70,0,1.99,-32.7167,152.15,1638503231
380,sao miguel do araguaia,74.32,92,100,1.66,-13.275,-50.1628,1638503232
381,piacabucu,77.59,85,66,10.02,-10.4056,-36.4344,1638503057
382,paradwip,,,,,,,
383,partur,69.04,63,100,7.54,19.6,76.2167,1638503232
384,pevek,13.46,90,100,10.27,69.7008,170.3133,1638503233
385,college,-18.11,74,75,0,64.8569,-147.8028,1638503198
386,bolungarvik,,,,,,,
387,bowen,89.82,67,94,20.11,-20.0167,148.2333,1638503233
388,sao desiderio,71.62,93,100,0.54,-12.3633,-44.9733,1638503233
389,matveyevka,29.19,89,98,14.67,52.15,56.1833,1638503234
390,corinto,53.53,81,8,5.26,37.9407,22.9573,1638503234
391,quang ngai,68.92,82,100,8.48,15.1167,108.8,1638503234
392,kimberley,56.89,62,0,4.61,-28.7323,24.7623,1638503235
393,uige,65.37,97,100,2.46,-7.6087,15.0613,1638503235
394,griffith,41,81,1,4.61,41.5284,-87.4237,1638503043
395,talnakh,-6.03,94,97,3.42,69.4865,88.3972,1638503235
396,at-bashi,23.27,52,84,1.74,41.1702,75.8106,1638503236
397,cap-aux-meules,46.42,87,90,25.32,47.3821,-61.8597,1638503161
398,cardston,30.04,86,51,2.3,49.2,-113.3019,1638503236
399,muros,44.64,82,70,1.63,42.7762,-9.0603,1638503236
400,lamu,77.22,78,15,6.4,-2.2717,40.902,1638503237
401,victoria,67.89,32,11,3,22.2855,114.1577,1638503028
402,conakry,76.35,76,94,4.43,9.538,-13.6773,1638503237
403,brae,39.11,97,100,16.26,60.3964,-1.353,1638503237
404,katherine,104.32,22,100,9.22,-14.4667,132.2667,1638503238
405,krasnyy chikoy,29.68,61,75,5.35,50.3643,108.7512,1638503238
406,peterhead,34.23,83,100,13,57.5058,-1.7981,1638503238
407,lisakovsk,22.44,88,9,14.92,52.5369,62.4936,1638503239
408,noumea,84.99,99,86,9.08,-22.2763,166.4572,1638503239
409,adzope,73.24,99,55,2.21,6.1069,-3.8619,1638503239
410,port moresby,89.02,70,75,14.97,-9.4431,147.1797,1638503240
411,bell ville,66.79,48,48,10.71,-32.6259,-62.6887,1638503240
412,igrim,-6.68,100,91,2.77,63.1906,64.4162,1638503240
413,kruisfontein,55.89,84,55,6.22,-34.0033,24.7314,1638503241
414,sinnamary,77.13,86,43,6.58,5.3833,-52.95,1638503241
415,palu,91.83,53,77,5.17,-0.8917,119.8707,1638503241
416,kulhudhuffushi,81.55,78,8,7.65,6.6221,73.07,1638503241
417,durango,52.7,79,27,2.55,24.8333,-104.8333,1638503033
418,iralaya,77.99,80,40,13.58,15,-83.2333,1638503242
419,lokoja,76.1,45,39,1.63,7.8024,6.743,1638503242
420,ryotsu,55.36,61,12,23.22,38.0833,138.4333,1638503242
421,wembley,80.42,38,0,17.27,-31.9333,115.8,1638503243
422,tezu,77.9,36,41,3.36,27.9167,96.1667,1638503243
423,bambanglipuro,82.65,76,100,6.35,-7.95,110.2833,1638503243
424,mackay,86.4,70,92,16.11,-21.15,149.2,1638503130
425,clyde river,1.63,92,68,5.75,70.4692,-68.5914,1638503244
426,belgrade,43.72,88,75,1.99,44.804,20.4651,1638503104
427,mkuranga,74.39,91,17,2.84,-7.118,39.2078,1638503244
428,veraval,70.14,51,0,12.62,20.9,70.3667,1638503244
429,thinadhoo,81.64,77,59,6.42,0.5333,72.9333,1638503245
430,paragominas,73.13,96,84,2.71,-2.9667,-47.4833,1638503245
431,batagay-alyta,-36.9,94,47,4.94,67.8006,130.4114,1638503187
432,champerico,76.28,75,100,2.44,14.3,-91.9167,1638503245
433,barra patuca,77.63,81,22,7.78,15.8,-84.2833,1638503245
434,linxia,37.53,39,42,2.35,35.6003,103.2064,1638503246
435,nishihara,65.91,56,75,17.27,26.1842,127.7558,1638503246
436,maicao,77.94,81,99,10.27,11.3832,-72.2432,1638503246
437,bambous virieux,80.85,78,40,11.5,-20.3428,57.7575,1638503247
438,maldonado,60.19,94,0,6.38,-34.6667,-54.9167,1638503247
439,miles city,47.37,76,90,4.61,46.4083,-105.8406,1638503247
440,hovd,20.68,47,0,1.77,48.0056,91.6419,1638503247
441,hirara,70.07,52,75,12.66,24.8,125.2833,1638503248
442,beyneu,31.23,87,5,4.68,45.3167,55.2,1638503248
443,jaca,39.4,88,20,10.11,42.569,-0.5499,1638503248
444,algiers,46.22,93,75,10.36,36.7525,3.042,1638503110
445,auray,46.8,82,100,8.14,47.6703,-2.9918,1638503249
446,paamiut,16.84,79,52,10,61.994,-49.6678,1638503249
447,tahta,50.32,60,43,6.15,26.7693,31.5021,1638503249
448,mosquera,51.89,87,20,3.44,4.7059,-74.2302,1638503216
449,bintulu,81.91,78,40,10,3.1667,113.0333,1638503250
450,quipapa,71.6,86,93,5.21,-8.8278,-36.0117,1638503250
451,glens falls,39.74,89,75,1.01,43.3095,-73.644,1638503119
452,yongan,32.7,39,0,8.08,39.6957,113.6871,1638503250
453,samarai,85.62,69,97,2.71,-10.6167,150.6667,1638503251
454,saint anthony,38.93,71,90,0,45.0205,-93.218,1638503251
455,tortoli,49.82,62,0,5.75,39.9256,9.6572,1638503251
456,tsihombe,,,,,,,
457,emerald,91.54,52,40,8.05,-23.5333,148.1667,1638503252
458,umzimvubu,,,,,,,
459,zunyi,55.47,63,93,1.63,27.6867,106.9072,1638503252
460,abu samrah,47.17,68,0,1.21,35.3029,37.1841,1638503252
461,dno,25.36,97,100,5.46,57.8277,29.9637,1638503253
462,placido de castro,73.42,92,65,2.24,-10.3353,-67.1856,1638503253
463,nsanje,78.3,75,0,1.66,-16.92,35.262,1638503253
464,petropavlovsk-kamchatskiy,32.59,64,75,4.47,53.0452,158.6483,1638503254
465,honjo,58.19,28,0,1.05,36.2333,139.1833,1638503254
466,baneh,31.42,79,5,6.08,35.9975,45.8853,1638503254
467,pendleton,47.43,67,75,5.01,45.6721,-118.7886,1638503255
468,dinanagar,66.09,36,5,4.38,32.15,75.4667,1638503255
469,kalomo,,,,,,,
470,babino,30.18,86,90,17.9,56.2256,43.6238,1638503255
471,halalo,,,,,,,
472,vestmanna,38.32,81,75,5.75,62.1564,-7.1664,1638503256
473,yarada,77.32,69,90,3.44,17.65,83.2667,1638503256
474,henties bay,58.86,91,75,7.83,-22.116,14.2845,1638503256
475,baghdad,42.71,56,0,8.05,33.3406,44.4009,1638503257
476,summerside,46.71,93,100,20.71,46.3959,-63.7876,1638503015
477,peine,30.6,90,88,5.01,52.3167,10.2333,1638503257
478,prince albert,22.95,86,1,11.5,53.2001,-105.7677,1638503257
479,jalu,55.92,55,100,11.01,29.0331,21.5482,1638503258
480,novobirilyussy,27.86,64,56,12.15,56.9514,90.6661,1638503258
481,saint-augustin,33.67,92,95,15.88,51.226,-58.6502,1638503258
482,laukaa,18.77,93,100,7.61,58.7372,29.8453,1638503258
483,alenquer,77.34,92,79,3.02,-1.9417,-54.7383,1638503259
484,pinheiro,73.89,98,15,2.28,-2.5214,-45.0825,1638503259
485,guaruja,74.71,26,95,1.01,-23.9931,-46.2564,1638503074
486,boyuibe,75.22,60,100,3.11,-20.4167,-63.2833,1638503259
487,itupeva,68.05,73,20,18.41,-23.1531,-47.0578,1638503260
488,strezhevoy,31.98,98,100,14.61,60.7333,77.5889,1638503260
489,afmadu,,,,,,,
490,libourne,33.96,88,6,2.75,44.9167,-0.25,1638503260
491,mae hong son,71.74,73,20,0,19.3003,97.9685,1638503261
492,novikovo,38.82,93,100,11.05,51.1537,37.8879,1638503261
493,luanda,77,88,75,4.61,-8.8368,13.2343,1638502977
494,bandundu,72.55,92,82,1.3,-3.3167,17.3667,1638503261
495,shieli,43.63,72,100,13.13,44.1667,66.75,1638503261
496,rafai,68.65,93,88,1.57,4.95,23.9167,1638503262
497,chirilagua,78.55,63,98,3.51,13.2203,-88.1386,1638503262
498,huasahuasi,40.01,89,100,3.11,-11.3167,-75.6167,1638503263
499,puerto narino,76.95,97,90,1.61,-3.7703,-70.3831,1638503263
500,bocanda,73,98,12,3.29,7.0626,-4.4995,1638503263
501,roald,19.42,79,2,5.75,62.5833,6.1333,1638503263
502,ostrovnoy,24.19,73,100,17.78,68.0531,39.5131,1638503264
503,key largo,68.85,77,91,8.93,25.0865,-80.4473,1638503210
504,sayyan,46.8,29,0,3.47,15.1718,44.3244,1638503264
505,dingalan,79.52,63,74,7.43,15.3897,121.3929,1638503264
506,kerteh,,,,,,,
507,lensk,-8.12,92,96,2.93,60.7253,114.9278,1638503194
508,miramar,65.61,86,1,3.44,25.9873,-80.2323,1638503265
509,clifton,48.33,73,90,4,40.8584,-74.1638,1638503066
510,kpandae,75.96,68,5,3.87,8.4689,-0.0113,1638503265
511,sao felix do xingu,72.86,98,100,1.23,-6.6447,-51.995,1638503266
512,borogontsy,-27.62,93,74,5.64,62.6683,131.1683,1638503266
513,charters towers,97.79,25,87,11.41,-20.1,146.2667,1638503266
514,nicoya,78.35,81,40,9.46,10.1483,-85.452,1638503267
515,vardo,16,59,100,15.37,70.3705,31.1107,1638503267
516,malakal,76.1,33,86,4.83,9.5334,31.6605,1638503267
517,nouakchott,71.53,31,100,16.78,18.0858,-15.9785,1638503267
518,khash,53.24,39,98,5.12,28.2211,61.2158,1638503268
519,dumai,80.31,84,100,6.31,1.6833,101.45,1638503268
520,qinggang,15.37,79,68,9.95,46.6833,126.0833,1638503268
521,matagami,8.71,85,90,13.8,49.7502,-77.6328,1638503269
522,geraldton,84.61,34,0,20.71,-28.7667,114.6,1638503269
523,asbestovskiy,24.57,76,75,11.63,57.7557,61.3967,1638503269
524,beatrice,51.12,57,1,4.61,40.2681,-96.747,1638503270
525,beringovskiy,33.42,97,100,24.52,63.05,179.3167,1638503270
526,ponta delgada,59.72,82,40,3.44,37.7333,-25.6667,1638503270
527,luchegorsk,12.9,74,46,7.99,46.4764,134.2569,1638503271
528,garissa,76.89,81,9,8.21,-0.4536,39.6401,1638503271
529,aksu,31.15,40,0,1.23,41.1231,80.2644,1638503271
530,marquette,27.19,83,100,3.22,46.5333,-87.6335,1638503272
531,kitimat,34.92,36,95,5.17,54.0524,-128.6534,1638503272
532,ratnapura,85.66,69,7,1.66,6.6828,80.3992,1638503272
533,carlos chagas,70.03,98,95,3.15,-17.7031,-40.7664,1638503273
534,kommunisticheskiy,12.13,94,77,6.69,61.6789,64.4819,1638503273
535,boysun,55.31,17,100,0.98,38.2061,67.1986,1638503273
536,tuma,33.76,97,100,10.38,55.148,40.5537,1638503273
537,paka,76.93,94,40,5.75,4.6374,103.4368,1638503274
538,keuruu,4.35,96,100,4.81,62.2667,24.7,1638503274
539,chagda,,,,,,,
540,denpasar,83.71,88,20,10.36,-8.65,115.2167,1638503037
541,mahanoro,75.97,66,17,7.2,-19.9,48.8,1638503274
542,kloulklubed,77.5,86,100,19.15,7.0419,134.2556,1638503275
543,fevralsk,,,,,,,
544,peace river,23.31,58,1,14.97,56.2501,-117.286,1638503003
545,rondonopolis,75.06,89,67,1.19,-16.4708,-54.6356,1638503275
546,west plains,54.75,57,1,3.44,36.7281,-91.8524,1638503275
547,abha,43.05,42,0,0,18.2164,42.5053,1638503276
548,ngunguru,71.17,81,96,9.64,-35.6167,174.5,1638503276
549,kuito,57.78,94,82,2.8,-12.3833,16.9333,1638503276
550,kirakira,83.12,77,68,1.07,-10.4544,161.9205,1638503271
551,skibbereen,51.6,90,100,10.8,51.55,-9.2667,1638503277
552,bathsheba,81.21,78,20,17.27,13.2167,-59.5167,1638503277
553,nuuk,22.78,91,99,10.89,64.1835,-51.7216,1638503277
554,quelimane,78.75,83,0,9.22,-17.8786,36.8883,1638503027
555,bristol,48.69,74,75,13,41.8334,-71.1662,1638503278
556,bilibino,3.94,92,100,3.15,68.0546,166.4372,1638503278
557,aklavik,-22.97,95,99,4.5,68.2191,-135.0107,1638503278
558,marawi,68.65,89,100,5.12,7.9986,124.2928,1638503112
559,wahran,,,,,,,
560,ust-kuyga,-48.05,100,100,2.93,70.0167,135.6,1638503278
561,avera,55.72,71,0,8.08,33.194,-82.5271,1638503279
562,bonthe,79.2,83,87,2.53,7.5264,-12.505,1638503279
563,anadyr,33.49,93,75,44.74,64.75,177.4833,1638503279
564,oranjemund,57.83,79,58,8.88,-28.55,16.4333,1638503280
565,ugu,66.11,41,99,5.64,26.7833,80.3333,1638503280
566,pekan,75.06,88,100,8.63,3.4836,103.3996,1638503280
567,amberley,47.44,70,1,3,39.2048,-84.428,1638503281
568,erdenet,21.6,56,4,4.14,49.0333,104.0833,1638503281
569,yaya,32.27,61,100,21.39,56.206,86.44,1638503281
570,khovu-aksy,12.31,75,3,3.83,51.1333,93.6,1638503282
571,uvat,24.89,93,100,10.94,59.1433,68.8953,1638503282
572,paray-le-monial,31.82,91,90,2.3,46.4546,4.1158,1638503282
573,mentok,,,,,,,
574,barbar,,,,,,,
575,bamnet narong,73.27,39,7,16.62,15.4992,101.6897,1638503283
576,artvin,38.48,66,88,6.24,41.1667,41.8333,1638503283
577,yola,72.21,29,73,2.35,9.2,12.4833,1638503283
578,troitskoye,21.54,74,69,7.52,52.9821,84.6757,1638503284
579,zaozerne,53.94,70,96,26.4,45.1582,33.2787,1638503284
580,arroio grande,56.1,92,1,4.41,-32.2375,-53.0869,1638503284
581,yomitan,,,,,,,
582,inza,29.98,94,100,12.24,53.8533,46.3586,1638503285
583,kenora,20.08,86,90,3.44,49.8167,-94.4337,1638503217
584,geghamasar,22.84,54,0,3.53,40.3109,45.6792,1638503285
585,dinga,50.07,27,0,4.54,32.6398,73.722,1638503286
586,poshekhonye,20.91,97,97,3.78,58.4993,39.1353,1638503286
587,olga,29.46,56,100,14.36,43.7444,135.2892,1638503286
588,mairana,57.76,94,100,2.59,-18.1167,-63.9333,1638503286
589,ridgecrest,53.26,19,20,6.91,35.6225,-117.6709,1638503182
590,navirai,70.36,49,0,2.84,-23.065,-54.1906,1638503051
591,bakaly,25.57,83,98,14.74,55.1789,53.8028,1638503287
592,barra do bugres,72.79,98,98,3.22,-15.0725,-57.1811,1638503050
593,yuzhno-yeniseyskiy,,,,,,,
594,abeche,69.58,25,1,14.07,13.8292,20.8324,1638503287
595,miri,86.14,74,40,5.75,4.4148,114.0089,1638503288
596,mbandaka,70.97,97,100,2.68,0.0487,18.2603,1638503288
597,omsukchan,-30.91,92,92,6.91,62.5333,155.8,1638503288
598,merauke,84.33,75,46,7.83,-8.4667,140.3333,1638503289
599,rexburg,37.71,76,1,0,43.826,-111.7897,1638503289
600,umtata,55.96,88,75,2.3,-31.5889,28.7844,1638503289
601,tomatlan,71.1,88,17,2.24,19.9333,-105.25,1638503290
602,miraflores,60.87,52,5,0.89,19.2167,-98.8083,1638503290
603,colares,49.51,80,0,15.01,38.7992,-9.4469,1638503290
604,santa eulalia del rio,,,,,,,
605,dakar,75.33,78,100,11.5,14.6937,-17.4441,1638503001
606,crab hill,,,,,,,
607,nha trang,82.4,71,64,15.5,12.25,109.1833,1638503094
608,boa vista,75.18,88,75,6.91,2.8197,-60.6733,1638503291
609,kendari,88.27,57,100,3.29,-3.945,122.4989,1638503291
610,isangel,89.71,58,75,11.5,-19.55,169.2667,1638503291
611,flin flon,9.9,94,100,7.96,54.7682,-101.865,1638503292
612,kandrian,86.22,71,97,6.44,-6.2167,149.55,1638503292
